timestamp,time,wind,solar,hydro,nuclear,biomass,storage,gas,imports,coal,other
2026-10-06 13:30:00+00:00,13:30,4.5,14.9,1.8,11.5,9.2,0,42.7,13.9,0.0,1.6
2026-10-06 14:00:00+00:00,14:00,4.7,12.6,1.9,11.4,9.1,0,44.9,13.8,0.0,1.5
2026-10-06 14:30:00+00:00,14:30,4.5,11.0,2.7,11.4,9.2,0,45.6,13.4,0.0,2.2
2026-10-06 15:00:00+00:00,15:00,4.4,9.3,4.6,11.2,9.0,0,45.8,13.1,0.0,2.6
2026-10-06 15:30:00+00:00,15:30,4.6,7.1,5.4,11.0,8.9,0,48.6,9.8,0.0,4.6
2026-10-06 16:00:00+00:00,16:00,4.5,4.5,5.5,11.0,8.9,0,50.4,9.6,0.0,5.6
2026-10-06 16:30:00+00:00,16:30,4.4,2.1,5.8,11.3,9.1,0,51.3,7.1,0.0,8.8
2026-10-06 17:00:00+00:00,17:00,4.8,0.8,5.9,11.3,9.1,0,52.0,7.1,0.0,9.1
2026-10-06 17:30:00+00:00,17:30,5.2,0.3,6.0,11.3,9.1,0,50.6,10.3,0.0,7.2
2026-10-06 18:00:00+00:00,18:00,5.3,0.0,6.8,11.6,9.3,0,50.3,10.7,0.0,6.0
2026-10-06 18:30:00+00:00,18:30,5.5,0.0,5.3,11.9,9.5,0,50.1,13.0,0.0,4.8
2026-10-06 19:00:00+00:00,19:00,7.2,0.0,0.0,14.3,11.9,0,55.9,10.6,0.0,0.0
2026-10-06 19:30:00+00:00,19:30,7.8,0.0,0.0,14.7,11.6,0,54.8,11.0,0.0,0.0
2026-10-06 20:00:00+00:00,20:00,8.2,0.0,0.0,15.0,11.6,0,54.0,11.2,0.0,0.0
2026-10-06 20:30:00+00:00,20:30,8.3,0.0,0.0,15.2,10.3,0,54.5,11.6,0.0,0.0
2026-10-06 21:00:00+00:00,21:00,8.7,0.0,0.0,15.7,10.4,0,53.8,11.4,0.0,0.0
2026-10-06 21:30:00+00:00,21:30,9.0,0.0,0.0,15.7,10.2,0,53.6,11.5,0.0,0.0
2026-10-06 22:00:00+00:00,22:00,9.5,0.0,0.0,15.7,10.1,0,53.1,11.6,0.0,0.0
2026-10-06 22:30:00+00:00,22:30,10.0,0.0,0.0,15.4,10.1,0,52.9,11.5,0.0,0.0
2026-10-06 23:00:00+00:00,23:00,10.9,0.0,0.0,15.4,10.4,0,52.8,10.4,0.0,0.0
2026-10-06 23:30:00+00:00,23:30,11.6,0.0,0.0,15.6,10.4,0,50.7,11.6,0.0,0.0
2026-10-07 00:00:00+00:00,00:00,12.5,0.0,0.0,16.4,10.6,0,47.4,13.1,0.0,0.0
2026-10-07 00:30:00+00:00,00:30,12.9,0.0,0.0,16.6,10.2,0,47.2,13.1,0.0,0.0
2026-10-07 01:00:00+00:00,01:00,12.2,0.0,2.1,14.4,11.5,0,47.6,11.7,0.0,0.5
2026-10-07 01:30:00+00:00,01:30,12.9,0.0,2.2,14.1,11.3,0,46.6,12.2,0.0,0.6
2026-10-07 02:00:00+00:00,02:00,13.5,0.0,2.0,14.2,11.3,0,46.6,12.0,0.0,0.4
2026-10-07 02:30:00+00:00,02:30,14.6,0.0,2.0,14.7,11.8,0,48.4,7.7,0.0,0.8
2026-10-07 03:00:00+00:00,03:00,14.3,0.0,1.9,14.5,11.6,0,49.8,7.2,0.0,0.7
2026-10-07 03:30:00+00:00,03:30,14.7,0.0,2.8,14.8,11.8,0,50.4,5.2,0.0,0.4
2026-10-07 04:00:00+00:00,04:00,14.8,0.0,2.7,14.5,11.6,0,50.9,4.9,0.0,0.6
2026-10-07 04:30:00+00:00,04:30,15.0,0.0,3.6,13.8,11.0,0,50.3,3.3,0.0,3.0
2026-10-07 05:00:00+00:00,05:00,14.4,0.0,5.0,12.8,10.3,0,48.7,3.0,0.0,5.8
2026-10-07 05:30:00+00:00,05:30,14.5,0.0,5.7,12.3,9.8,0,47.6,4.2,0.0,5.9
2026-10-07 06:00:00+00:00,06:00,14.9,0.2,5.6,11.8,9.4,0,45.8,4.1,0.0,8.2
2026-10-07 06:30:00+00:00,06:30,16.7,0.4,4.5,12.1,9.7,0,44.8,5.7,0.0,6.0
2026-10-07 07:00:00+00:00,07:00,17.7,1.1,3.5,11.9,9.6,0,43.4,6.2,0.0,6.5
2026-10-07 07:30:00+00:00,07:30,18.9,2.3,2.3,11.8,9.6,0,36.6,16.4,0.0,2.0
2026-10-07 08:00:00+00:00,08:00,19.3,3.5,2.5,11.8,9.5,0,35.1,16.9,0.0,1.3
2026-10-07 08:30:00+00:00,08:30,20.9,4.5,2.3,11.9,9.6,0,33.2,16.3,0.0,1.3
2026-10-07 09:00:00+00:00,09:00,22.6,5.7,3.0,12.0,9.7,0,30.0,16.3,0.0,0.6
2026-10-07 09:30:00+00:00,09:30,24.7,7.5,2.8,12.2,9.9,0,27.6,14.3,0.0,1.0
2026-10-07 10:00:00+00:00,10:00,26.6,8.9,2.6,12.0,9.8,0,25.4,14.1,0.0,0.7
2026-10-07 10:30:00+00:00,10:30,27.9,9.9,1.5,11.6,9.4,0,23.4,15.6,0.0,0.8
2026-10-07 11:00:00+00:00,11:00,28.6,11.1,1.3,11.4,9.3,0,22.2,15.1,0.0,1.1
2026-10-07 11:30:00+00:00,11:30,31.2,11.8,1.3,11.3,9.2,0,24.8,9.5,0.0,1.0
2026-10-07 12:00:00+00:00,12:00,34.5,11.8,1.3,11.4,9.2,0,22.3,9.0,0.0,0.6
2026-10-07 12:30:00+00:00,12:30,36.3,12.1,1.2,11.5,9.3,0,24.3,4.3,0.0,0.9
2026-10-07 13:00:00+00:00,13:00,35.9,11.6,1.3,11.4,9.3,0,25.2,4.1,0.0,1.1
