timestamp,actual_price,forecast_price,provider,settlement_date,settlement_period,volume,time
2026-10-09 15:00:00+00:00,,,APXMIDP,,,,15:00
2026-10-09 15:30:00+00:00,69.58,,APXMIDP,2026-10-09,34.0,3436.95,15:30
2026-10-09 16:00:00+00:00,84.95,,APXMIDP,2026-10-09,35.0,3836.9,16:00
2026-10-09 16:30:00+00:00,88.03,,APXMIDP,2026-10-09,36.0,3823.75,16:30
2026-10-09 17:00:00+00:00,98.73,,APXMIDP,2026-10-09,37.0,4153.85,17:00
2026-10-09 17:30:00+00:00,117.99,,APXMIDP,2026-10-09,38.0,4495.25,17:30
2026-10-09 18:00:00+00:00,114.29,,APXMIDP,2026-10-09,39.0,4306.9,18:00
2026-10-09 18:30:00+00:00,114.94,,APXMIDP,2026-10-09,40.0,4224.0,18:30
2026-10-09 19:00:00+00:00,116.0,,APXMIDP,2026-10-09,41.0,4361.5,19:00
2026-10-09 19:30:00+00:00,88.68,,APXMIDP,2026-10-09,42.0,3564.4,19:30
2026-10-09 20:00:00+00:00,101.64,,APXMIDP,2026-10-09,43.0,4059.1,20:00
2026-10-09 20:30:00+00:00,72.62,,APXMIDP,2026-10-09,44.0,3530.35,20:30
2026-10-09 21:00:00+00:00,85.59,,APXMIDP,2026-10-09,45.0,3869.85,21:00
2026-10-09 21:30:00+00:00,63.62,,APXMIDP,2026-10-09,46.0,3315.95,21:30
2026-10-09 22:00:00+00:00,61.09,,APXMIDP,2026-10-09,47.0,2966.15,22:00
2026-10-09 22:30:00+00:00,50.9,,APXMIDP,2026-10-09,48.0,2656.25,22:30
2026-10-09 23:00:00+00:00,44.76,,APXMIDP,2026-10-10,1.0,2498.85,23:00
2026-10-09 23:30:00+00:00,39.61,,APXMIDP,2026-10-10,2.0,2475.85,23:30
2026-10-10 00:00:00+00:00,43.68,,APXMIDP,2026-10-10,3.0,2296.5,00:00
2026-10-10 00:30:00+00:00,44.6,,APXMIDP,2026-10-10,4.0,2415.35,00:30
2026-10-10 01:00:00+00:00,47.56,,APXMIDP,2026-10-10,5.0,2599.35,01:00
2026-10-10 01:30:00+00:00,43.53,,APXMIDP,2026-10-10,6.0,2723.6,01:30
2026-10-10 02:00:00+00:00,45.3,,APXMIDP,2026-10-10,7.0,2724.35,02:00
2026-10-10 02:30:00+00:00,43.71,,APXMIDP,2026-10-10,8.0,2724.15,02:30
2026-10-10 03:00:00+00:00,44.57,,APXMIDP,2026-10-10,9.0,2672.2,03:00
2026-10-10 03:30:00+00:00,43.31,,APXMIDP,2026-10-10,10.0,2522.55,03:30
2026-10-10 04:00:00+00:00,52.51,,APXMIDP,2026-10-10,11.0,2164.85,04:00
2026-10-10 04:30:00+00:00,55.7,,APXMIDP,2026-10-10,12.0,2256.6,04:30
2026-10-10 05:00:00+00:00,66.39,,APXMIDP,2026-10-10,13.0,2126.55,05:00
2026-10-10 05:30:00+00:00,75.31,,APXMIDP,2026-10-10,14.0,2279.35,05:30
2026-10-10 06:00:00+00:00,87.96,,APXMIDP,2026-10-10,15.0,2581.9,06:00
2026-10-10 06:30:00+00:00,95.81,,APXMIDP,2026-10-10,16.0,3005.45,06:30
2026-10-10 07:00:00+00:00,89.35,,APXMIDP,2026-10-10,17.0,3066.15,07:00
2026-10-10 07:30:00+00:00,87.84,,APXMIDP,2026-10-10,18.0,3558.25,07:30
2026-10-10 08:00:00+00:00,61.53,,APXMIDP,2026-10-10,19.0,3964.0,08:00
2026-10-10 08:30:00+00:00,45.05,,APXMIDP,2026-10-10,20.0,3949.85,08:30
2026-10-10 09:00:00+00:00,35.3,,APXMIDP,2026-10-10,21.0,3853.45,09:00
2026-10-10 09:30:00+00:00,27.06,,APXMIDP,2026-10-10,22.0,3495.6,09:30
2026-10-10 10:00:00+00:00,8.27,,APXMIDP,2026-10-10,23.0,2989.3,10:00
2026-10-10 10:30:00+00:00,8.63,,APXMIDP,2026-10-10,24.0,3228.95,10:30
2026-10-10 11:00:00+00:00,7.81,,APXMIDP,2026-10-10,25.0,3378.35,11:00
2026-10-10 11:30:00+00:00,8.44,,APXMIDP,2026-10-10,26.0,3779.45,11:30
2026-10-10 12:00:00+00:00,5.31,,APXMIDP,2026-10-10,27.0,4000.25,12:00
2026-10-10 12:30:00+00:00,5.64,,APXMIDP,2026-10-10,28.0,4233.4,12:30
2026-10-10 13:00:00+00:00,16.17,,APXMIDP,2026-10-10,29.0,4433.2,13:00
2026-10-10 13:30:00+00:00,17.85,,APXMIDP,2026-10-10,30.0,4319.9,13:30
2026-10-10 14:00:00+00:00,35.3,,APXMIDP,2026-10-10,31.0,3640.35,14:00
2026-10-10 14:30:00+00:00,43.59,,APXMIDP,2026-10-10,32.0,4028.25,14:30
