forecast,actual,index,chart_value,timestamp,time,date
111.0,88.0,low,88.0,2026-10-08 19:00:00+00:00,19:00,2026-10-08
100.0,86.0,low,86.0,2026-10-08 19:30:00+00:00,19:30,2026-10-08
81.0,79.0,low,79.0,2026-10-08 20:00:00+00:00,20:00,2026-10-08
76.0,70.0,low,70.0,2026-10-08 20:30:00+00:00,20:30,2026-10-08
65.0,56.0,low,56.0,2026-10-08 21:00:00+00:00,21:00,2026-10-08
57.0,59.0,low,59.0,2026-10-08 21:30:00+00:00,21:30,2026-10-08
49.0,52.0,low,52.0,2026-10-08 22:00:00+00:00,22:00,2026-10-08
45.0,57.0,low,57.0,2026-10-08 22:30:00+00:00,22:30,2026-10-08
42.0,50.0,low,50.0,2026-10-08 23:00:00+00:00,23:00,2026-10-08
38.0,44.0,low,44.0,2026-10-08 23:30:00+00:00,23:30,2026-10-08
43.0,46.0,low,46.0,2026-10-09 00:00:00+00:00,00:00,2026-10-09
39.0,42.0,low,42.0,2026-10-09 00:30:00+00:00,00:30,2026-10-09
42.0,44.0,low,44.0,2026-10-09 01:00:00+00:00,01:00,2026-10-09
40.0,45.0,low,45.0,2026-10-09 01:30:00+00:00,01:30,2026-10-09
40.0,44.0,low,44.0,2026-10-09 02:00:00+00:00,02:00,2026-10-09
42.0,45.0,low,45.0,2026-10-09 02:30:00+00:00,02:30,2026-10-09
42.0,46.0,low,46.0,2026-10-09 03:00:00+00:00,03:00,2026-10-09
41.0,52.0,low,52.0,2026-10-09 03:30:00+00:00,03:30,2026-10-09
41.0,56.0,low,56.0,2026-10-09 04:00:00+00:00,04:00,2026-10-09
45.0,51.0,low,51.0,2026-10-09 04:30:00+00:00,04:30,2026-10-09
43.0,59.0,low,59.0,2026-10-09 05:00:00+00:00,05:00,2026-10-09
42.0,57.0,low,57.0,2026-10-09 05:30:00+00:00,05:30,2026-10-09
48.0,64.0,low,64.0,2026-10-09 06:00:00+00:00,06:00,2026-10-09
44.0,56.0,low,56.0,2026-10-09 06:30:00+00:00,06:30,2026-10-09
45.0,56.0,low,56.0,2026-10-09 07:00:00+00:00,07:00,2026-10-09
44.0,56.0,low,56.0,2026-10-09 07:30:00+00:00,07:30,2026-10-09
44.0,56.0,low,56.0,2026-10-09 08:00:00+00:00,08:00,2026-10-09
46.0,47.0,low,47.0,2026-10-09 08:30:00+00:00,08:30,2026-10-09
47.0,41.0,low,41.0,2026-10-09 09:00:00+00:00,09:00,2026-10-09
38.0,40.0,low,40.0,2026-10-09 09:30:00+00:00,09:30,2026-10-09
33.0,38.0,low,38.0,2026-10-09 10:00:00+00:00,10:00,2026-10-09
32.0,39.0,low,39.0,2026-10-09 10:30:00+00:00,10:30,2026-10-09
32.0,40.0,low,40.0,2026-10-09 11:00:00+00:00,11:00,2026-10-09
32.0,41.0,low,41.0,2026-10-09 11:30:00+00:00,11:30,2026-10-09
37.0,39.0,low,39.0,2026-10-09 12:00:00+00:00,12:00,2026-10-09
38.0,33.0,low,33.0,2026-10-09 12:30:00+00:00,12:30,2026-10-09
37.0,35.0,low,35.0,2026-10-09 13:00:00+00:00,13:00,2026-10-09
30.0,41.0,low,41.0,2026-10-09 13:30:00+00:00,13:30,2026-10-09
32.0,39.0,low,39.0,2026-10-09 14:00:00+00:00,14:00,2026-10-09
31.0,37.0,low,37.0,2026-10-09 14:30:00+00:00,14:30,2026-10-09
30.0,42.0,low,42.0,2026-10-09 15:00:00+00:00,15:00,2026-10-09
32.0,38.0,low,38.0,2026-10-09 15:30:00+00:00,15:30,2026-10-09
34.0,47.0,low,47.0,2026-10-09 16:00:00+00:00,16:00,2026-10-09
43.0,60.0,low,60.0,2026-10-09 16:30:00+00:00,16:30,2026-10-09
43.0,71.0,low,71.0,2026-10-09 17:00:00+00:00,17:00,2026-10-09
47.0,66.0,low,66.0,2026-10-09 17:30:00+00:00,17:30,2026-10-09
56.0,60.0,low,60.0,2026-10-09 18:00:00+00:00,18:00,2026-10-09
,,,,2026-10-09 18:30:00+00:00,18:30,2026-10-09
