timestamp,forecast,actual,index,chart_value
2026-10-08T19:00Z,111,88,low,88
2026-10-08T19:30Z,100,86,low,86
2026-10-08T20:00Z,81,79,low,79
2026-10-08T20:30Z,76,70,low,70
2026-10-08T21:00Z,65,56,low,56
2026-10-08T21:30Z,57,59,low,59
2026-10-08T22:00Z,49,52,low,52
2026-10-08T22:30Z,45,57,low,57
2026-10-08T23:00Z,42,50,low,50
2026-10-08T23:30Z,38,44,low,44
2026-10-09T00:00Z,43,46,low,46
2026-10-09T00:30Z,39,42,low,42
2026-10-09T01:00Z,42,44,low,44
2026-10-09T01:30Z,40,45,low,45
2026-10-09T02:00Z,40,44,low,44
2026-10-09T02:30Z,42,45,low,45
2026-10-09T03:00Z,42,46,low,46
2026-10-09T03:30Z,41,52,low,52
2026-10-09T04:00Z,41,56,low,56
2026-10-09T04:30Z,45,51,low,51
2026-10-09T05:00Z,43,59,low,59
2026-10-09T05:30Z,42,57,low,57
2026-10-09T06:00Z,48,64,low,64
2026-10-09T06:30Z,44,56,low,56
2026-10-09T07:00Z,45,56,low,56
2026-10-09T07:30Z,44,56,low,56
2026-10-09T08:00Z,44,56,low,56
2026-10-09T08:30Z,46,47,low,47
2026-10-09T09:00Z,47,41,low,41
2026-10-09T09:30Z,38,40,low,40
2026-10-09T10:00Z,33,38,low,38
2026-10-09T10:30Z,32,39,low,39
2026-10-09T11:00Z,32,40,low,40
2026-10-09T11:30Z,32,41,low,41
2026-10-09T12:00Z,37,39,low,39
2026-10-09T12:30Z,38,33,low,33
2026-10-09T13:00Z,37,35,low,35
2026-10-09T13:30Z,30,41,low,41
2026-10-09T14:00Z,32,39,low,39
2026-10-09T14:30Z,31,37,low,37
2026-10-09T15:00Z,30,42,low,42
2026-10-09T15:30Z,32,38,low,38
2026-10-09T16:00Z,34,47,low,47
2026-10-09T16:30Z,43,60,low,60
2026-10-09T17:00Z,43,71,low,71
2026-10-09T17:30Z,47,66,low,66
2026-10-09T18:00Z,56,60,low,60
2026-10-09T18:30Z,41,,low,41
