timestamp,actual_price,forecast_price,provider,settlement_date,settlement_period,volume
2026-10-07T19:30:00Z,155.75,,APXMIDP,2026-10-07,42,3331.0
2026-10-07T20:00:00Z,151.42,,APXMIDP,2026-10-07,43,3983.75
2026-10-07T20:30:00Z,150.31,,APXMIDP,2026-10-07,44,3445.15
2026-10-07T21:00:00Z,154.43,,APXMIDP,2026-10-07,45,3523.4
2026-10-07T21:30:00Z,136.05,,APXMIDP,2026-10-07,46,3908.45
2026-10-07T22:00:00Z,118.86,,APXMIDP,2026-10-07,47,2552.25
2026-10-07T22:30:00Z,115.02,,APXMIDP,2026-10-07,48,2261.2
2026-10-07T23:00:00Z,119.59,,APXMIDP,2026-10-08,1,2027.4
2026-10-07T23:30:00Z,122.31,,APXMIDP,2026-10-08,2,2388.55
2026-10-08T00:00:00Z,119.56,,APXMIDP,2026-10-08,3,2292.7
2026-10-08T00:30:00Z,120.96,,APXMIDP,2026-10-08,4,2395.05
2026-10-08T01:00:00Z,120.11,,APXMIDP,2026-10-08,5,2159.7
2026-10-08T01:30:00Z,120.95,,APXMIDP,2026-10-08,6,2101.85
2026-10-08T02:00:00Z,122.84,,APXMIDP,2026-10-08,7,1967.9
2026-10-08T02:30:00Z,123.79,,APXMIDP,2026-10-08,8,2143.7
2026-10-08T03:00:00Z,122.64,,APXMIDP,2026-10-08,9,1943.5
2026-10-08T03:30:00Z,128.86,,APXMIDP,2026-10-08,10,2095.2
2026-10-08T04:00:00Z,135.77,,APXMIDP,2026-10-08,11,1870.65
2026-10-08T04:30:00Z,145.47,,APXMIDP,2026-10-08,12,1814.7
2026-10-08T05:00:00Z,144.99,,APXMIDP,2026-10-08,13,2336.15
2026-10-08T05:30:00Z,161.66,,APXMIDP,2026-10-08,14,2720.5
2026-10-08T06:00:00Z,156.8,,APXMIDP,2026-10-08,15,2704.45
2026-10-08T06:30:00Z,164.91,,APXMIDP,2026-10-08,16,3258.7
2026-10-08T07:00:00Z,153.84,,APXMIDP,2026-10-08,17,2776.75
2026-10-08T07:30:00Z,155.93,,APXMIDP,2026-10-08,18,2905.1
2026-10-08T08:00:00Z,140.8,,APXMIDP,2026-10-08,19,3337.9
2026-10-08T08:30:00Z,126.17,,APXMIDP,2026-10-08,20,3118.55
2026-10-08T09:00:00Z,111.02,,APXMIDP,2026-10-08,21,3257.0
2026-10-08T09:30:00Z,108.08,,APXMIDP,2026-10-08,22,3707.95
2026-10-08T10:00:00Z,107.76,,APXMIDP,2026-10-08,23,3355.85
2026-10-08T10:30:00Z,114.47,,APXMIDP,2026-10-08,24,3680.95
2026-10-08T11:00:00Z,119.42,,APXMIDP,2026-10-08,25,3806.5
2026-10-08T11:30:00Z,117.57,,APXMIDP,2026-10-08,26,4014.4
2026-10-08T12:00:00Z,125.48,,APXMIDP,2026-10-08,27,4649.1
2026-10-08T12:30:00Z,132.15,,APXMIDP,2026-10-08,28,4406.15
2026-10-08T13:00:00Z,139.71,,APXMIDP,2026-10-08,29,4456.1
2026-10-08T13:30:00Z,150.67,,APXMIDP,2026-10-08,30,5402.1
2026-10-08T14:00:00Z,172.21,,APXMIDP,2026-10-08,31,4240.85
2026-10-08T14:30:00Z,171.34,,APXMIDP,2026-10-08,32,4130.05
2026-10-08T15:00:00Z,179.46,,APXMIDP,2026-10-08,33,3999.4
2026-10-08T15:30:00Z,185.58,,APXMIDP,2026-10-08,34,3878.35
2026-10-08T16:00:00Z,199.64,,APXMIDP,2026-10-08,35,4713.45
2026-10-08T16:30:00Z,204.55,,APXMIDP,2026-10-08,36,5247.5
2026-10-08T17:00:00Z,206.64,,APXMIDP,2026-10-08,37,4960.9
2026-10-08T17:30:00Z,203.31,,APXMIDP,2026-10-08,38,5402.5
2026-10-08T18:00:00Z,185.36,,APXMIDP,2026-10-08,39,5421.0
2026-10-08T18:30:00Z,172.11,,APXMIDP,2026-10-08,40,4760.45
2026-10-08T19:00:00Z,162.69,,APXMIDP,2026-10-08,41,5233.6
