timestamp,fuel,percentage
2026-10-06T06:30Z,biomass,10.3
2026-10-06T06:30Z,coal,0.0
2026-10-06T06:30Z,imports,11.3
2026-10-06T06:30Z,gas,47.4
2026-10-06T06:30Z,nuclear,12.9
2026-10-06T06:30Z,other,5.2
2026-10-06T06:30Z,hydro,3.4
2026-10-06T06:30Z,solar,1.0
2026-10-06T06:30Z,wind,8.6
2026-10-06T07:00Z,biomass,10.1
2026-10-06T07:00Z,coal,0.0
2026-10-06T07:00Z,imports,11.9
2026-10-06T07:00Z,gas,46.7
2026-10-06T07:00Z,nuclear,12.7
2026-10-06T07:00Z,other,4.4
2026-10-06T07:00Z,hydro,2.9
2026-10-06T07:00Z,solar,2.6
2026-10-06T07:00Z,wind,8.6
2026-10-06T07:30Z,biomass,9.7
2026-10-06T07:30Z,coal,0.0
2026-10-06T07:30Z,imports,16.6
2026-10-06T07:30Z,gas,44.2
2026-10-06T07:30Z,nuclear,12.1
2026-10-06T07:30Z,other,1.8
2026-10-06T07:30Z,hydro,1.9
2026-10-06T07:30Z,solar,5.6
2026-10-06T07:30Z,wind,8.0
2026-10-06T08:00Z,biomass,9.5
2026-10-06T08:00Z,coal,0.0
2026-10-06T08:00Z,imports,16.6
2026-10-06T08:00Z,gas,43.0
2026-10-06T08:00Z,nuclear,12.0
2026-10-06T08:00Z,other,1.2
2026-10-06T08:00Z,hydro,1.9
2026-10-06T08:00Z,solar,8.4
2026-10-06T08:00Z,wind,7.3
2026-10-06T08:30Z,biomass,9.4
2026-10-06T08:30Z,coal,0.0
2026-10-06T08:30Z,imports,17.7
2026-10-06T08:30Z,gas,40.8
2026-10-06T08:30Z,nuclear,11.8
2026-10-06T08:30Z,other,1.2
2026-10-06T08:30Z,hydro,1.6
2026-10-06T08:30Z,solar,10.8
2026-10-06T08:30Z,wind,6.7
2026-10-06T09:00Z,biomass,9.3
2026-10-06T09:00Z,coal,0.0
2026-10-06T09:00Z,imports,17.5
2026-10-06T09:00Z,gas,39.7
2026-10-06T09:00Z,nuclear,11.6
2026-10-06T09:00Z,other,1.2
2026-10-06T09:00Z,hydro,1.6
2026-10-06T09:00Z,solar,12.9
2026-10-06T09:00Z,wind,6.2
2026-10-06T09:30Z,biomass,9.1
2026-10-06T09:30Z,coal,0.0
2026-10-06T09:30Z,imports,20.1
2026-10-06T09:30Z,gas,37.1
2026-10-06T09:30Z,nuclear,11.3
2026-10-06T09:30Z,other,1.4
2026-10-06T09:30Z,hydro,1.2
2026-10-06T09:30Z,solar,14.5
2026-10-06T09:30Z,wind,5.4
2026-10-06T10:00Z,biomass,8.8
2026-10-06T10:00Z,coal,0.0
2026-10-06T10:00Z,imports,19.8
2026-10-06T10:00Z,gas,36.2
2026-10-06T10:00Z,nuclear,11.1
2026-10-06T10:00Z,other,1.4
2026-10-06T10:00Z,hydro,1.1
2026-10-06T10:00Z,solar,16.4
2026-10-06T10:00Z,wind,5.3
2026-10-06T10:30Z,biomass,8.6
2026-10-06T10:30Z,coal,0.0
2026-10-06T10:30Z,imports,20.5
2026-10-06T10:30Z,gas,35.5
2026-10-06T10:30Z,nuclear,11.0
2026-10-06T10:30Z,other,1.6
2026-10-06T10:30Z,hydro,1.1
2026-10-06T10:30Z,solar,16.9
2026-10-06T10:30Z,wind,4.9
2026-10-06T11:00Z,biomass,8.4
2026-10-06T11:00Z,coal,0.0
2026-10-06T11:00Z,imports,20.5
2026-10-06T11:00Z,gas,35.7
2026-10-06T11:00Z,nuclear,11.0
2026-10-06T11:00Z,other,1.5
2026-10-06T11:00Z,hydro,1.1
2026-10-06T11:00Z,solar,16.8
2026-10-06T11:00Z,wind,5.0
2026-10-06T11:30Z,biomass,8.5
2026-10-06T11:30Z,coal,0.0
2026-10-06T11:30Z,imports,20.6
2026-10-06T11:30Z,gas,34.8
2026-10-06T11:30Z,nuclear,11.1
2026-10-06T11:30Z,other,1.9
2026-10-06T11:30Z,hydro,1.1
2026-10-06T11:30Z,solar,17.4
2026-10-06T11:30Z,wind,4.7
2026-10-06T12:00Z,biomass,8.9
2026-10-06T12:00Z,coal,0.0
2026-10-06T12:00Z,imports,20.5
2026-10-06T12:00Z,gas,34.8
2026-10-06T12:00Z,nuclear,11.2
2026-10-06T12:00Z,other,1.7
2026-10-06T12:00Z,hydro,1.1
2026-10-06T12:00Z,solar,17.2
2026-10-06T12:00Z,wind,4.6
2026-10-06T12:30Z,biomass,9.2
2026-10-06T12:30Z,coal,0.0
2026-10-06T12:30Z,imports,15.8
2026-10-06T12:30Z,gas,38.7
2026-10-06T12:30Z,nuclear,11.4
2026-10-06T12:30Z,other,1.7
2026-10-06T12:30Z,hydro,1.1
2026-10-06T12:30Z,solar,17.4
2026-10-06T12:30Z,wind,4.5
2026-10-06T13:00Z,biomass,9.2
2026-10-06T13:00Z,coal,0.0
2026-10-06T13:00Z,imports,15.6
2026-10-06T13:00Z,gas,39.7
2026-10-06T13:00Z,nuclear,11.4
2026-10-06T13:00Z,other,1.6
2026-10-06T13:00Z,hydro,1.5
2026-10-06T13:00Z,solar,16.6
2026-10-06T13:00Z,wind,4.3
2026-10-06T13:30Z,biomass,9.2
2026-10-06T13:30Z,coal,0.0
2026-10-06T13:30Z,imports,13.9
2026-10-06T13:30Z,gas,42.7
2026-10-06T13:30Z,nuclear,11.5
2026-10-06T13:30Z,other,1.6
2026-10-06T13:30Z,hydro,1.8
2026-10-06T13:30Z,solar,14.9
2026-10-06T13:30Z,wind,4.5
2026-10-06T14:00Z,biomass,9.1
2026-10-06T14:00Z,coal,0.0
2026-10-06T14:00Z,imports,13.8
2026-10-06T14:00Z,gas,44.9
2026-10-06T14:00Z,nuclear,11.4
2026-10-06T14:00Z,other,1.5
2026-10-06T14:00Z,hydro,1.9
2026-10-06T14:00Z,solar,12.6
2026-10-06T14:00Z,wind,4.7
2026-10-06T14:30Z,biomass,9.2
2026-10-06T14:30Z,coal,0.0
2026-10-06T14:30Z,imports,13.4
2026-10-06T14:30Z,gas,45.6
2026-10-06T14:30Z,nuclear,11.4
2026-10-06T14:30Z,other,2.2
2026-10-06T14:30Z,hydro,2.7
2026-10-06T14:30Z,solar,11.0
2026-10-06T14:30Z,wind,4.5
2026-10-06T15:00Z,biomass,9.0
2026-10-06T15:00Z,coal,0.0
2026-10-06T15:00Z,imports,13.1
2026-10-06T15:00Z,gas,45.8
2026-10-06T15:00Z,nuclear,11.2
2026-10-06T15:00Z,other,2.6
2026-10-06T15:00Z,hydro,4.6
2026-10-06T15:00Z,solar,9.3
2026-10-06T15:00Z,wind,4.4
2026-10-06T15:30Z,biomass,8.9
2026-10-06T15:30Z,coal,0.0
2026-10-06T15:30Z,imports,9.8
2026-10-06T15:30Z,gas,48.6
2026-10-06T15:30Z,nuclear,11.0
2026-10-06T15:30Z,other,4.6
2026-10-06T15:30Z,hydro,5.4
2026-10-06T15:30Z,solar,7.1
2026-10-06T15:30Z,wind,4.6
2026-10-06T16:00Z,biomass,8.9
2026-10-06T16:00Z,coal,0.0
2026-10-06T16:00Z,imports,9.6
2026-10-06T16:00Z,gas,50.4
2026-10-06T16:00Z,nuclear,11.0
2026-10-06T16:00Z,other,5.6
2026-10-06T16:00Z,hydro,5.5
2026-10-06T16:00Z,solar,4.5
2026-10-06T16:00Z,wind,4.5
2026-10-06T16:30Z,biomass,9.1
2026-10-06T16:30Z,coal,0.0
2026-10-06T16:30Z,imports,7.1
2026-10-06T16:30Z,gas,51.3
2026-10-06T16:30Z,nuclear,11.3
2026-10-06T16:30Z,other,8.8
2026-10-06T16:30Z,hydro,5.8
2026-10-06T16:30Z,solar,2.1
2026-10-06T16:30Z,wind,4.4
2026-10-06T17:00Z,biomass,9.1
2026-10-06T17:00Z,coal,0.0
2026-10-06T17:00Z,imports,7.1
2026-10-06T17:00Z,gas,52.0
2026-10-06T17:00Z,nuclear,11.3
2026-10-06T17:00Z,other,9.1
2026-10-06T17:00Z,hydro,5.9
2026-10-06T17:00Z,solar,0.8
2026-10-06T17:00Z,wind,4.8
2026-10-06T17:30Z,biomass,9.1
2026-10-06T17:30Z,coal,0.0
2026-10-06T17:30Z,imports,10.3
2026-10-06T17:30Z,gas,50.6
2026-10-06T17:30Z,nuclear,11.3
2026-10-06T17:30Z,other,7.2
2026-10-06T17:30Z,hydro,6.0
2026-10-06T17:30Z,solar,0.3
2026-10-06T17:30Z,wind,5.2
2026-10-06T18:00Z,biomass,9.3
2026-10-06T18:00Z,coal,0.0
2026-10-06T18:00Z,imports,10.7
2026-10-06T18:00Z,gas,50.3
2026-10-06T18:00Z,nuclear,11.6
2026-10-06T18:00Z,other,6.0
2026-10-06T18:00Z,hydro,6.8
2026-10-06T18:00Z,solar,0.0
2026-10-06T18:00Z,wind,5.3
2026-10-06T18:30Z,biomass,9.5
2026-10-06T18:30Z,coal,0.0
2026-10-06T18:30Z,imports,13.0
2026-10-06T18:30Z,gas,50.1
2026-10-06T18:30Z,nuclear,11.9
2026-10-06T18:30Z,other,4.8
2026-10-06T18:30Z,hydro,5.3
2026-10-06T18:30Z,solar,0.0
2026-10-06T18:30Z,wind,5.5
2026-10-06T19:00Z,biomass,11.9
2026-10-06T19:00Z,coal,0.0
2026-10-06T19:00Z,imports,10.6
2026-10-06T19:00Z,gas,55.9
2026-10-06T19:00Z,nuclear,14.3
2026-10-06T19:00Z,other,0.0
2026-10-06T19:00Z,hydro,0.0
2026-10-06T19:00Z,solar,0.0
2026-10-06T19:00Z,wind,7.2
2026-10-06T19:30Z,biomass,11.6
2026-10-06T19:30Z,coal,0.0
2026-10-06T19:30Z,imports,11.0
2026-10-06T19:30Z,gas,54.8
2026-10-06T19:30Z,nuclear,14.7
2026-10-06T19:30Z,other,0.0
2026-10-06T19:30Z,hydro,0.0
2026-10-06T19:30Z,solar,0.0
2026-10-06T19:30Z,wind,7.8
2026-10-06T20:00Z,biomass,11.6
2026-10-06T20:00Z,coal,0.0
2026-10-06T20:00Z,imports,11.2
2026-10-06T20:00Z,gas,54.0
2026-10-06T20:00Z,nuclear,15.0
2026-10-06T20:00Z,other,0.0
2026-10-06T20:00Z,hydro,0.0
2026-10-06T20:00Z,solar,0.0
2026-10-06T20:00Z,wind,8.2
2026-10-06T20:30Z,biomass,10.3
2026-10-06T20:30Z,coal,0.0
2026-10-06T20:30Z,imports,11.6
2026-10-06T20:30Z,gas,54.5
2026-10-06T20:30Z,nuclear,15.2
2026-10-06T20:30Z,other,0.0
2026-10-06T20:30Z,hydro,0.0
2026-10-06T20:30Z,solar,0.0
2026-10-06T20:30Z,wind,8.3
2026-10-06T21:00Z,biomass,10.4
2026-10-06T21:00Z,coal,0.0
2026-10-06T21:00Z,imports,11.4
2026-10-06T21:00Z,gas,53.8
2026-10-06T21:00Z,nuclear,15.7
2026-10-06T21:00Z,other,0.0
2026-10-06T21:00Z,hydro,0.0
2026-10-06T21:00Z,solar,0.0
2026-10-06T21:00Z,wind,8.7
2026-10-06T21:30Z,biomass,10.2
2026-10-06T21:30Z,coal,0.0
2026-10-06T21:30Z,imports,11.5
2026-10-06T21:30Z,gas,53.6
2026-10-06T21:30Z,nuclear,15.7
2026-10-06T21:30Z,other,0.0
2026-10-06T21:30Z,hydro,0.0
2026-10-06T21:30Z,solar,0.0
2026-10-06T21:30Z,wind,9.0
2026-10-06T22:00Z,biomass,10.1
2026-10-06T22:00Z,coal,0.0
2026-10-06T22:00Z,imports,11.6
2026-10-06T22:00Z,gas,53.1
2026-10-06T22:00Z,nuclear,15.7
2026-10-06T22:00Z,other,0.0
2026-10-06T22:00Z,hydro,0.0
2026-10-06T22:00Z,solar,0.0
2026-10-06T22:00Z,wind,9.5
2026-10-06T22:30Z,biomass,10.1
2026-10-06T22:30Z,coal,0.0
2026-10-06T22:30Z,imports,11.5
2026-10-06T22:30Z,gas,52.9
2026-10-06T22:30Z,nuclear,15.4
2026-10-06T22:30Z,other,0.0
2026-10-06T22:30Z,hydro,0.0
2026-10-06T22:30Z,solar,0.0
2026-10-06T22:30Z,wind,10.0
2026-10-06T23:00Z,biomass,10.4
2026-10-06T23:00Z,coal,0.0
2026-10-06T23:00Z,imports,10.4
2026-10-06T23:00Z,gas,52.8
2026-10-06T23:00Z,nuclear,15.4
2026-10-06T23:00Z,other,0.0
2026-10-06T23:00Z,hydro,0.0
2026-10-06T23:00Z,solar,0.0
2026-10-06T23:00Z,wind,10.9
2026-10-06T23:30Z,biomass,10.4
2026-10-06T23:30Z,coal,0.0
2026-10-06T23:30Z,imports,11.6
2026-10-06T23:30Z,gas,50.7
2026-10-06T23:30Z,nuclear,15.6
2026-10-06T23:30Z,other,0.0
2026-10-06T23:30Z,hydro,0.0
2026-10-06T23:30Z,solar,0.0
2026-10-06T23:30Z,wind,11.6
2026-10-07T00:00Z,biomass,10.6
2026-10-07T00:00Z,coal,0.0
2026-10-07T00:00Z,imports,13.1
2026-10-07T00:00Z,gas,47.4
2026-10-07T00:00Z,nuclear,16.4
2026-10-07T00:00Z,other,0.0
2026-10-07T00:00Z,hydro,0.0
2026-10-07T00:00Z,solar,0.0
2026-10-07T00:00Z,wind,12.5
2026-10-07T00:30Z,biomass,10.2
2026-10-07T00:30Z,coal,0.0
2026-10-07T00:30Z,imports,13.1
2026-10-07T00:30Z,gas,47.2
2026-10-07T00:30Z,nuclear,16.6
2026-10-07T00:30Z,other,0.0
2026-10-07T00:30Z,hydro,0.0
2026-10-07T00:30Z,solar,0.0
2026-10-07T00:30Z,wind,12.9
2026-10-07T01:00Z,biomass,11.5
2026-10-07T01:00Z,coal,0.0
2026-10-07T01:00Z,imports,11.7
2026-10-07T01:00Z,gas,47.6
2026-10-07T01:00Z,nuclear,14.4
2026-10-07T01:00Z,other,0.5
2026-10-07T01:00Z,hydro,2.1
2026-10-07T01:00Z,solar,0.0
2026-10-07T01:00Z,wind,12.2
2026-10-07T01:30Z,biomass,11.3
2026-10-07T01:30Z,coal,0.0
2026-10-07T01:30Z,imports,12.2
2026-10-07T01:30Z,gas,46.6
2026-10-07T01:30Z,nuclear,14.1
2026-10-07T01:30Z,other,0.6
2026-10-07T01:30Z,hydro,2.2
2026-10-07T01:30Z,solar,0.0
2026-10-07T01:30Z,wind,12.9
2026-10-07T02:00Z,biomass,11.3
2026-10-07T02:00Z,coal,0.0
2026-10-07T02:00Z,imports,12.0
2026-10-07T02:00Z,gas,46.6
2026-10-07T02:00Z,nuclear,14.2
2026-10-07T02:00Z,other,0.4
2026-10-07T02:00Z,hydro,2.0
2026-10-07T02:00Z,solar,0.0
2026-10-07T02:00Z,wind,13.5
2026-10-07T02:30Z,biomass,11.8
2026-10-07T02:30Z,coal,0.0
2026-10-07T02:30Z,imports,7.7
2026-10-07T02:30Z,gas,48.4
2026-10-07T02:30Z,nuclear,14.7
2026-10-07T02:30Z,other,0.8
2026-10-07T02:30Z,hydro,2.0
2026-10-07T02:30Z,solar,0.0
2026-10-07T02:30Z,wind,14.6
2026-10-07T03:00Z,biomass,11.6
2026-10-07T03:00Z,coal,0.0
2026-10-07T03:00Z,imports,7.2
2026-10-07T03:00Z,gas,49.8
2026-10-07T03:00Z,nuclear,14.5
2026-10-07T03:00Z,other,0.7
2026-10-07T03:00Z,hydro,1.9
2026-10-07T03:00Z,solar,0.0
2026-10-07T03:00Z,wind,14.3
2026-10-07T03:30Z,biomass,11.8
2026-10-07T03:30Z,coal,0.0
2026-10-07T03:30Z,imports,5.2
2026-10-07T03:30Z,gas,50.4
2026-10-07T03:30Z,nuclear,14.8
2026-10-07T03:30Z,other,0.4
2026-10-07T03:30Z,hydro,2.8
2026-10-07T03:30Z,solar,0.0
2026-10-07T03:30Z,wind,14.7
2026-10-07T04:00Z,biomass,11.6
2026-10-07T04:00Z,coal,0.0
2026-10-07T04:00Z,imports,4.9
2026-10-07T04:00Z,gas,50.9
2026-10-07T04:00Z,nuclear,14.5
2026-10-07T04:00Z,other,0.6
2026-10-07T04:00Z,hydro,2.7
2026-10-07T04:00Z,solar,0.0
2026-10-07T04:00Z,wind,14.8
2026-10-07T04:30Z,biomass,11.0
2026-10-07T04:30Z,coal,0.0
2026-10-07T04:30Z,imports,3.3
2026-10-07T04:30Z,gas,50.3
2026-10-07T04:30Z,nuclear,13.8
2026-10-07T04:30Z,other,3.0
2026-10-07T04:30Z,hydro,3.6
2026-10-07T04:30Z,solar,0.0
2026-10-07T04:30Z,wind,15.0
2026-10-07T05:00Z,biomass,10.3
2026-10-07T05:00Z,coal,0.0
2026-10-07T05:00Z,imports,3.0
2026-10-07T05:00Z,gas,48.7
2026-10-07T05:00Z,nuclear,12.8
2026-10-07T05:00Z,other,5.8
2026-10-07T05:00Z,hydro,5.0
2026-10-07T05:00Z,solar,0.0
2026-10-07T05:00Z,wind,14.4
2026-10-07T05:30Z,biomass,9.9
2026-10-07T05:30Z,coal,0.0
2026-10-07T05:30Z,imports,4.0
2026-10-07T05:30Z,gas,48.3
2026-10-07T05:30Z,nuclear,12.5
2026-10-07T05:30Z,other,5.2
2026-10-07T05:30Z,hydro,5.7
2026-10-07T05:30Z,solar,0.0
2026-10-07T05:30Z,wind,14.5
2026-10-07T06:00Z,biomass,12.1
2026-10-07T06:00Z,coal,0.0
2026-10-07T06:00Z,imports,3.1
2026-10-07T06:00Z,gas,54.4
2026-10-07T06:00Z,nuclear,14.0
2026-10-07T06:00Z,other,0.0
2026-10-07T06:00Z,hydro,0.0
2026-10-07T06:00Z,solar,1.9
2026-10-07T06:00Z,wind,14.5
